﻿{
  "channels": {
    "client-matchmaking": {
      "states": [],
      "cacheExpire": "9999-01-01T22:28:47.830Z"
    },
    "client-events": {
      "states": [
        {
          "validFrom": "2020-01-01T00:00:00.000Z",
          "activeEvents": [
            {
              "eventType": "EventFlag.Season2",
              "activeUntil": "9999-01-01T00:00:00.000Z",
              "activeSince": "2020-01-01T00:00:00.000Z"
            },
            {
              "eventType": "EventFlag.LobbyWinterDecor",
              "activeUntil": "9999-01-01T00:00:00.000Z",
              "activeSince": "2020-01-01T00:00:00.000Z"
            }
          ],
          "state": {
            "activeStorefronts": [],
            "eventNamedWeights": {},
            "seasonNumber": 2,
            "seasonTemplateId": "AthenaSeason:athenaseason2",
            "matchXpBonusPoints": 0,
            "seasonBegin": "2020-01-01T13:00:00Z",
            "seasonEnd": "9999-01-01T14:00:00Z",
            "seasonDisplayedEnd": "9999-01-01T07:30:00Z",
            "weeklyStoreEnd": "9999-01-01T00:00:00Z",
            "stwEventStoreEnd": "9999-01-01T00:00:00.000Z",
            "stwWeeklyStoreEnd": "9999-01-01T00:00:00.000Z",
            "sectionStoreEnds": { "Featured": "9999-01-01T00:00:00.000Z" },
            "dailyStoreEnd": "9999-01-01T00:00:00Z"
          }
        }
      ],
      "cacheExpire": "9999-01-01T22:28:47.830Z"
    }
  },
  "eventsTimeOffsetHrs": 0,
  "cacheIntervalMins": 10,
  "currentTime": "2024-04-15T16:35:22.300Z"
}