﻿{
  "profileRevision": 5,
  "profileId": "athena",
  "profileChangesBaseRevision": 4,
  "profileChanges": [
    {
      "changeType": "itemAdded",
      "itemId": "f13c77d5-28ac-4754-a1c0-19dfc2b6f4a2",
      "item": {
        "templateId": "Quest:AthenaDailyQuest_PlayerEliminationSMGs",
        "attributes": {
          "creation_time": "2024-04-15T16:35:41.280Z",
          "level": -1,
          "item_seen": false,
          "playlists": [],
          "sent_new_notification": false,
          "challenge_bundle_id": "",
          "xp_reward_scalar": 1,
          "challenge_linked_quest_given": "",
          "quest_pool": "",
          "quest_state": "Active",
          "bucket": "",
          "last_state_change_time": "2024-04-15T16:35:41.280Z",
          "challenge_linked_quest_parent": "",
          "max_level_bonus": 0,
          "xp": 0,
          "quest_rarity": "uncommon",
          "favorite": false,
          "completion_athena_daily_kill_players_smg_v2": 0
        },
        "quantity": 1
      }
    },
    {
      "changeType": "statModified",
      "name": "quest_manager",
      "value": {
        "dailyLoginInterval": "2024-04-15T16:35:41.280Z",
        "dailyQuestRerolls": 1
      }
    },
    {
      "changeType": "itemRemoved",
      "itemId": "S4-ChallengeBundleSchedule:Season4_Challenge_Schedule"
    },
    {
      "changeType": "itemRemoved",
      "itemId": "S4-ChallengeBundleSchedule:Season4_ProgressiveB_Schedule"
    },
    {
      "changeType": "itemRemoved",
      "itemId": "S4-ChallengeBundleSchedule:Season4_StarterChallenge_Schedule"
    },
    {
      "changeType": "itemRemoved",
      "itemId": "S4-ChallengeBundle:QuestBundle_S4_Cumulative"
    },
    {
      "changeType": "itemRemoved",
      "itemId": "S4-ChallengeBundle:QuestBundle_S4_ProgressiveA"
    },
    {
      "changeType": "itemRemoved",
      "itemId": "S4-ChallengeBundle:QuestBundle_S4_Week_001"
    },
    {
      "changeType": "itemRemoved",
      "itemId": "S4-ChallengeBundle:QuestBundle_S4_Week_002"
    },
    {
      "changeType": "itemRemoved",
      "itemId": "S4-ChallengeBundle:QuestBundle_S4_Week_003"
    },
    {
      "changeType": "itemRemoved",
      "itemId": "S4-ChallengeBundle:QuestBundle_S4_Week_004"
    },
    {
      "changeType": "itemRemoved",
      "itemId": "S4-ChallengeBundle:QuestBundle_S4_Week_005"
    },
    {
      "changeType": "itemRemoved",
      "itemId": "S4-ChallengeBundle:QuestBundle_S4_Week_006"
    },
    {
      "changeType": "itemRemoved",
      "itemId": "S4-ChallengeBundle:QuestBundle_S4_Week_007"
    },
    {
      "changeType": "itemRemoved",
      "itemId": "S4-ChallengeBundle:QuestBundle_S4_Week_008"
    },
    {
      "changeType": "itemRemoved",
      "itemId": "S4-ChallengeBundle:QuestBundle_S4_Week_009"
    },
    {
      "changeType": "itemRemoved",
      "itemId": "S4-ChallengeBundle:QuestBundle_S4_Week_010"
    },
    {
      "changeType": "itemRemoved",
      "itemId": "S4-ChallengeBundle:QuestBundle_S4_ProgressiveB"
    },
    {
      "changeType": "itemRemoved",
      "itemId": "S4-ChallengeBundle:QuestBundle_S4_Starter"
    },
    {
      "changeType": "itemRemoved",
      "itemId": "S4-Quest:Quest_BR_S4_Cumulative_CollectTokens_01"
    },
    {
      "changeType": "itemRemoved",
      "itemId": "S4-Quest:Quest_BR_S4_Cumulative_CollectTokens_02"
    },
    {
      "changeType": "itemRemoved",
      "itemId": "S4-Quest:Quest_BR_S4_Cumulative_CollectTokens_03"
    },
    {
      "changeType": "itemRemoved",
      "itemId": "S4-Quest:Quest_BR_S4_Cumulative_CollectTokens_04"
    },
    {
      "changeType": "itemRemoved",
      "itemId": "S4-Quest:Quest_BR_S4_Cumulative_CollectTokens_05"
    },
    {
      "changeType": "itemRemoved",
      "itemId": "S4-Quest:Quest_BR_S4_Cumulative_CollectTokens_06"
    },
    {
      "changeType": "itemRemoved",
      "itemId": "S4-Quest:Quest_BR_S4_Cumulative_CollectTokens_07"
    },
    {
      "changeType": "itemRemoved",
      "itemId": "S4-Quest:Quest_BR_LevelUp_SeasonLevel_ProgressiveA_01"
    },
    {
      "changeType": "itemRemoved",
      "itemId": "S4-Quest:Quest_BR_LevelUp_SeasonLevel_ProgressiveA_02"
    },
    {
      "changeType": "itemRemoved",
      "itemId": "S4-Quest:Quest_BR_LevelUp_SeasonLevel_ProgressiveA_03"
    },
    {
      "changeType": "itemRemoved",
      "itemId": "S4-Quest:Quest_BR_LevelUp_SeasonLevel_ProgressiveA_04"
    },
    {
      "changeType": "itemRemoved",
      "itemId": "S4-Quest:Quest_BR_LevelUp_SeasonLevel_ProgressiveA_05"
    },
    {
      "changeType": "itemRemoved",
      "itemId": "S4-Quest:Quest_BR_Damage_SniperRifle"
    },
    {
      "changeType": "itemRemoved",
      "itemId": "S4-Quest:Quest_BR_Eliminate_Location_FlushFactory"
    },
    {
      "changeType": "itemRemoved",
      "itemId": "S4-Quest:Quest_BR_Eliminate_Weapon_Pistol"
    },
    {
      "changeType": "itemRemoved",
      "itemId": "S4-Quest:Quest_BR_Interact_Chests_Location_HauntedHills"
    },
    {
      "changeType": "itemRemoved",
      "itemId": "S4-Quest:Quest_BR_Interact_FORTNITE"
    },
    {
      "changeType": "itemRemoved",
      "itemId": "S4-Quest:Quest_BR_Interact_ScavengerHunt_TreasureMap_01"
    },
    {
      "changeType": "itemRemoved",
      "itemId": "S4-Quest:Quest_BR_S4W1_Cumulative_CompleteAll"
    },
    {
      "changeType": "itemRemoved",
      "itemId": "S4-Quest:Quest_BR_Use_PortaFort"
    },
    {
      "changeType": "itemRemoved",
      "itemId": "S4-Quest:Quest_BR_Damage_SuppressedWeapon"
    },
    {
      "changeType": "itemRemoved",
      "itemId": "S4-Quest:Quest_BR_Dance_ScavengerHunt_Cameras"
    },
    {
      "changeType": "itemRemoved",
      "itemId": "S4-Quest:Quest_BR_Eliminate_ExplosiveWeapon"
    },
    {
      "changeType": "itemRemoved",
      "itemId": "S4-Quest:Quest_BR_Eliminate_Location_TomatoTown"
    },
    {
      "changeType": "itemRemoved",
      "itemId": "S4-Quest:Quest_BR_Interact_Chests_Location_GreasyGrove"
    },
    {
      "changeType": "itemRemoved",
      "itemId": "S4-Quest:Quest_BR_Interact_GravityStones"
    },
    {
      "changeType": "itemRemoved",
      "itemId": "S4-Quest:Quest_BR_Interact_ScavengerHunt_Triangulate_01"
    },
    {
      "changeType": "itemRemoved",
      "itemId": "S4-Quest:Quest_BR_S4W2_Cumulative_CompleteAll"
    },
    {
      "changeType": "itemRemoved",
      "itemId": "S4-Quest:Quest_BR_Damage_Pistol"
    },
    {
      "changeType": "itemRemoved",
      "itemId": "S4-Quest:Quest_BR_Eliminate_Location_TiltedTowers"
    },
    {
      "changeType": "itemRemoved",
      "itemId": "S4-Quest:Quest_BR_Eliminate_Weapon_SniperRifle"
    },
    {
      "changeType": "itemRemoved",
      "itemId": "S4-Quest:Quest_BR_Interact_Chests_Location_LonelyLodge"
    },
    {
      "changeType": "itemRemoved",
      "itemId": "S4-Quest:Quest_BR_Interact_RubberDuckies"
    },
    {
      "changeType": "itemRemoved",
      "itemId": "S4-Quest:Quest_BR_Interact_ScavengerHunt_TreasureMap_02"
    },
    {
      "changeType": "itemRemoved",
      "itemId": "S4-Quest:Quest_BR_Revive"
    },
    {
      "changeType": "itemRemoved",
      "itemId": "S4-Quest:Quest_BR_S4W3_Cumulative_CompleteAll"
    },
    {
      "changeType": "itemRemoved",
      "itemId": "S4-Quest:Quest_BR_Damage_AssaultRifle"
    },
    {
      "changeType": "itemRemoved",
      "itemId": "S4-Quest:Quest_BR_Eliminate_Location_SnobbyShores"
    },
    {
      "changeType": "itemRemoved",
      "itemId": "S4-Quest:Quest_BR_Eliminate_Trap"
    },
    {
      "changeType": "itemRemoved",
      "itemId": "S4-Quest:Quest_BR_Interact_AmmoBoxes_SingleMatch"
    },
    {
      "changeType": "itemRemoved",
      "itemId": "S4-Quest:Quest_BR_Interact_Chests_Location_WailingWoods"
    },
    {
      "changeType": "itemRemoved",
      "itemId": "S4-Quest:Quest_BR_Interact_ScavengerHunt_Triangulate_02"
    },
    {
      "changeType": "itemRemoved",
      "itemId": "S4-Quest:Quest_BR_S4W4_Cumulative_CompleteAll"
    },
    {
      "changeType": "itemRemoved",
      "itemId": "S4-Quest:Quest_BR_Visit_ScavengerHunt_StormCircles"
    },
    {
      "changeType": "itemRemoved",
      "itemId": "S4-Quest:Quest_BR_Damage_SMG"
    },
    {
      "changeType": "itemRemoved",
      "itemId": "S4-Quest:Quest_BR_Dance_ScavengerHunt_Platforms"
    },
    {
      "changeType": "itemRemoved",
      "itemId": "S4-Quest:Quest_BR_Eliminate_Location_LuckyLanding"
    },
    {
      "changeType": "itemRemoved",
      "itemId": "S4-Quest:Quest_BR_Eliminate_Weapon_MinigunLMG"
    },
    {
      "changeType": "itemRemoved",
      "itemId": "S4-Quest:Quest_BR_Interact_Chests_Location_DustyDivot"
    },
    {
      "changeType": "itemRemoved",
      "itemId": "S4-Quest:Quest_BR_Interact_ScavengerHunt_TreasureMap_03"
    },
    {
      "changeType": "itemRemoved",
      "itemId": "S4-Quest:Quest_BR_S4W5_Cumulative_CompleteAll"
    },
    {
      "changeType": "itemRemoved",
      "itemId": "S4-Quest:Quest_BR_Use_VendingMachine"
    },
    {
      "changeType": "itemRemoved",
      "itemId": "S4-Quest:Quest_BR_Damage_Shotgun"
    },
    {
      "changeType": "itemRemoved",
      "itemId": "S4-Quest:Quest_BR_Eliminate_Location_RetailRow"
    },
    {
      "changeType": "itemRemoved",
      "itemId": "S4-Quest:Quest_BR_Eliminate_Weapon_SMG"
    },
    {
      "changeType": "itemRemoved",
      "itemId": "S4-Quest:Quest_BR_Interact_Chests_Location_LootLake"
    },
    {
      "changeType": "itemRemoved",
      "itemId": "S4-Quest:Quest_BR_Interact_ScavengerHunt_Triangulate_03"
    },
    {
      "changeType": "itemRemoved",
      "itemId": "S4-Quest:Quest_BR_Interact_SupplyDrops"
    },
    {
      "changeType": "itemRemoved",
      "itemId": "S4-Quest:Quest_BR_S4W6_Cumulative_CompleteAll"
    },
    {
      "changeType": "itemRemoved",
      "itemId": "S4-Quest:Quest_BR_Spray_SpecificTargets"
    },
    {
      "changeType": "itemRemoved",
      "itemId": "S4-Quest:Quest_BR_Damage_Pickaxe"
    },
    {
      "changeType": "itemRemoved",
      "itemId": "S4-Quest:Quest_BR_Eliminate_Location_ShiftyShafts"
    },
    {
      "changeType": "itemRemoved",
      "itemId": "S4-Quest:Quest_BR_Eliminate_Weapon_AssaultRifle"
    },
    {
      "changeType": "itemRemoved",
      "itemId": "S4-Quest:Quest_BR_Interact_Chests_Location_RiskyReels"
    },
    {
      "changeType": "itemRemoved",
      "itemId": "S4-Quest:Quest_BR_Interact_ForagedItems"
    },
    {
      "changeType": "itemRemoved",
      "itemId": "S4-Quest:Quest_BR_Interact_ScavengerHunt_TreasureMap_04"
    },
    {
      "changeType": "itemRemoved",
      "itemId": "S4-Quest:Quest_BR_S4W7_Cumulative_CompleteAll"
    },
    {
      "changeType": "itemRemoved",
      "itemId": "S4-Quest:Quest_BR_Score_Goals"
    },
    {
      "changeType": "itemRemoved",
      "itemId": "S4-Quest:Quest_BR_Damage_Headshot"
    },
    {
      "changeType": "itemRemoved",
      "itemId": "S4-Quest:Quest_BR_Eliminate_Location_PleasantPark"
    },
    {
      "changeType": "itemRemoved",
      "itemId": "S4-Quest:Quest_BR_Eliminate_SuppressedWeapon"
    },
    {
      "changeType": "itemRemoved",
      "itemId": "S4-Quest:Quest_BR_Interact_Chests_Location_SaltySprings"
    },
    {
      "changeType": "itemRemoved",
      "itemId": "S4-Quest:Quest_BR_Interact_Chests_SingleMatch"
    },
    {
      "changeType": "itemRemoved",
      "itemId": "S4-Quest:Quest_BR_Interact_GniceGnomes"
    },
    {
      "changeType": "itemRemoved",
      "itemId": "S4-Quest:Quest_BR_Interact_ScavengerHunt_Triangulate_04"
    },
    {
      "changeType": "itemRemoved",
      "itemId": "S4-Quest:Quest_BR_S4W8_Cumulative_CompleteAll"
    },
    {
      "changeType": "itemRemoved",
      "itemId": "S4-Quest:Quest_BR_Damage_ExplosiveWeapon"
    },
    {
      "changeType": "itemRemoved",
      "itemId": "S4-Quest:Quest_BR_Eliminate_Location_AnarchyAcres"
    },
    {
      "changeType": "itemRemoved",
      "itemId": "S4-Quest:Quest_BR_Eliminate_Weapon_Shotgun"
    },
    {
      "changeType": "itemRemoved",
      "itemId": "S4-Quest:Quest_BR_Interact_Chests_Location_MoistyMire"
    },
    {
      "changeType": "itemRemoved",
      "itemId": "S4-Quest:Quest_BR_Interact_ScavengerHunt_TreasureMap_05"
    },
    {
      "changeType": "itemRemoved",
      "itemId": "S4-Quest:Quest_BR_S4W9_Cumulative_CompleteAll"
    },
    {
      "changeType": "itemRemoved",
      "itemId": "S4-Quest:Quest_BR_Use_ShoppingCart"
    },
    {
      "changeType": "itemRemoved",
      "itemId": "S4-Quest:Quest_BR_Visit_NamedLocations_SingleMatch"
    },
    {
      "changeType": "itemRemoved",
      "itemId": "S4-Quest:Quest_BR_Damage_Enemy_Buildings"
    },
    {
      "changeType": "itemRemoved",
      "itemId": "S4-Quest:Quest_BR_Eliminate"
    },
    {
      "changeType": "itemRemoved",
      "itemId": "S4-Quest:Quest_BR_Eliminate_Location_FatalFields"
    },
    {
      "changeType": "itemRemoved",
      "itemId": "S4-Quest:Quest_BR_Interact_ChestAmmoBoxSupplyDrop_SingleMatch"
    },
    {
      "changeType": "itemRemoved",
      "itemId": "S4-Quest:Quest_BR_Interact_Chests_Location_JunkJunction"
    },
    {
      "changeType": "itemRemoved",
      "itemId": "S4-Quest:Quest_BR_Interact_ScavengerHunt_Triangulate_05"
    },
    {
      "changeType": "itemRemoved",
      "itemId": "S4-Quest:Quest_BR_S4W10_Cumulative_CompleteAll"
    },
    {
      "changeType": "itemRemoved",
      "itemId": "S4-Quest:Quest_BR_Skydive_Rings"
    },
    {
      "changeType": "itemRemoved",
      "itemId": "S4-Quest:Quest_BR_LevelUp_SeasonLevel_ProgressiveB_01"
    },
    {
      "changeType": "itemRemoved",
      "itemId": "S4-Quest:Quest_BR_LevelUp_SeasonLevel_ProgressiveB_02"
    },
    {
      "changeType": "itemRemoved",
      "itemId": "S4-Quest:Quest_BR_LevelUp_SeasonLevel_ProgressiveB_03"
    },
    {
      "changeType": "itemRemoved",
      "itemId": "S4-Quest:Quest_BR_LevelUp_SeasonLevel_ProgressiveB_04"
    },
    {
      "changeType": "itemRemoved",
      "itemId": "S4-Quest:Quest_BR_LevelUp_SeasonLevel_ProgressiveB_05"
    },
    {
      "changeType": "itemRemoved",
      "itemId": "S4-Quest:Quest_BR_Damage"
    },
    {
      "changeType": "itemRemoved",
      "itemId": "S4-Quest:Quest_BR_Land_Locations_Different"
    },
    {
      "changeType": "itemRemoved",
      "itemId": "S4-Quest:Quest_BR_Outlive"
    },
    {
      "changeType": "itemRemoved",
      "itemId": "S4-Quest:Quest_BR_Place_Win"
    },
    {
      "changeType": "itemRemoved",
      "itemId": "S4-Quest:Quest_BR_Play"
    },
    {
      "changeType": "itemRemoved",
      "itemId": "S4-Quest:Quest_BR_Play_Min1Elimination"
    },
    {
      "changeType": "itemRemoved",
      "itemId": "S4-Quest:Quest_BR_Play_Min1Friend"
    }
  ],
  "profileCommandRevision": 4,
  "serverTime": "2024-04-15T16:35:41.310Z",
  "responseVersion": 1
}