﻿[
  {
    "accountId": "[Developer] apfelteesaft",
    "status": "ACCEPTED",
    "direction": "OUTBOUND",
    "created": "2024-04-12T19:03:42.251Z",
    "favorite": false
  },
  {
    "accountId": "[Owner] Nax1800",
    "status": "ACCEPTED",
    "direction": "OUTBOUND",
    "created": "2024-04-12T19:04:16.465Z",
    "favorite": false
  },
  {
    "accountId": "Project NX",
    "status": "ACCEPTED",
    "direction": "OUTBOUND",
    "created": "2024-04-15T16:35:34.245Z",
    "favorite": false
  }
]