﻿{
  "profileRevision": 2,
  "profileId": "profile0",
  "profileChangesBaseRevision": 1,
  "profileChanges": [
    {
      "changeType": "statModified",
      "name": "named_counters",
      "value": {
        "SubGameSelectCount_Campaign": {
          "current_count": 0,
          "last_incremented_time": ""
        },
        "SubGameSelectCount_Athena": {
          "current_count": 1,
          "last_incremented_time": "2024-04-15T16:35:41.062Z"
        }
      }
    }
  ],
  "profileCommandRevision": 1,
  "serverTime": "2024-04-15T16:35:41.073Z",
  "responseVersion": 1
}