﻿{
  "profileRevision": 4,
  "profileId": "athena",
  "profileChangesBaseRevision": 4,
  "profileChanges": [
    {
      "changeType": "fullProfileUpdate",
      "profile": {
        "_id": "LawinServer",
        "created": "0001-01-01T00:00:00.000Z",
        "updated": "0001-01-01T00:00:00.000Z",
        "rvn": 4,
        "wipeNumber": 1,
        "accountId": "LawinServer",
        "profileId": "athena",
        "version": "no_version",
        "items": {
          "lawin-loadout": {
            "templateId": "CosmeticLocker:cosmeticlocker_athena",
            "attributes": {
              "locker_slots_data": {
                "slots": {
                  "MusicPack": {
                    "items": [
                      ""
                    ]
                  },
                  "Character": {
                    "items": [
                      ""
                    ],
                    "activeVariants": [
                      null
                    ]
                  },
                  "Backpack": {
                    "items": [
                      ""
                    ],
                    "activeVariants": [
                      null
                    ]
                  },
                  "SkyDiveContrail": {
                    "items": [
                      ""
                    ],
                    "activeVariants": [
                      null
                    ]
                  },
                  "Dance": {
                    "items": [
                      "AthenaDance:eid_dancemoves",
                      "",
                      "",
                      "",
                      "",
                      ""
                    ]
                  },
                  "LoadingScreen": {
                    "items": [
                      ""
                    ]
                  },
                  "Pickaxe": {
                    "items": [
                      "AthenaPickaxe:DefaultPickaxe"
                    ],
                    "activeVariants": [
                      null
                    ]
                  },
                  "Glider": {
                    "items": [
                      "AthenaGlider:DefaultGlider"
                    ],
                    "activeVariants": [
                      null
                    ]
                  },
                  "ItemWrap": {
                    "items": [
                      "",
                      "",
                      "",
                      "",
                      "",
                      "",
                      ""
                    ],
                    "activeVariants": [
                      null,
                      null,
                      null,
                      null,
                      null,
                      null,
                      null,
                      null
                    ]
                  }
                }
              },
              "use_count": 0,
              "banner_icon_template": "StandardBanner1",
              "banner_color_template": "DefaultColor1",
              "locker_name": "LawinServer",
              "item_seen": false,
              "favorite": false
            },
            "quantity": 1
          },
          "AthenaCharacter:CID_001_Athena_Commando_F_Default": {
            "templateId": "AthenaCharacter:CID_001_Athena_Commando_F_Default",
            "attributes": {
              "max_level_bonus": 0,
              "level": 1,
              "item_seen": true,
              "xp": 0,
              "variants": [],
              "favorite": false
            },
            "quantity": 1
          },
          "AthenaCharacter:CID_002_Athena_Commando_F_Default": {
            "templateId": "AthenaCharacter:CID_002_Athena_Commando_F_Default",
            "attributes": {
              "max_level_bonus": 0,
              "level": 1,
              "item_seen": true,
              "xp": 0,
              "variants": [],
              "favorite": false
            },
            "quantity": 1
          },
          "AthenaCharacter:CID_003_Athena_Commando_F_Default": {
            "templateId": "AthenaCharacter:CID_003_Athena_Commando_F_Default",
            "attributes": {
              "max_level_bonus": 0,
              "level": 1,
              "item_seen": true,
              "xp": 0,
              "variants": [],
              "favorite": false
            },
            "quantity": 1
          },
          "AthenaCharacter:CID_004_Athena_Commando_F_Default": {
            "templateId": "AthenaCharacter:CID_004_Athena_Commando_F_Default",
            "attributes": {
              "max_level_bonus": 0,
              "level": 1,
              "item_seen": true,
              "xp": 0,
              "variants": [],
              "favorite": false
            },
            "quantity": 1
          },
          "AthenaCharacter:CID_005_Athena_Commando_M_Default": {
            "templateId": "AthenaCharacter:CID_005_Athena_Commando_M_Default",
            "attributes": {
              "max_level_bonus": 0,
              "level": 1,
              "item_seen": true,
              "xp": 0,
              "variants": [],
              "favorite": false
            },
            "quantity": 1
          },
          "AthenaCharacter:CID_006_Athena_Commando_M_Default": {
            "templateId": "AthenaCharacter:CID_006_Athena_Commando_M_Default",
            "attributes": {
              "max_level_bonus": 0,
              "level": 1,
              "item_seen": true,
              "xp": 0,
              "variants": [],
              "favorite": false
            },
            "quantity": 1
          },
          "AthenaCharacter:CID_007_Athena_Commando_M_Default": {
            "templateId": "AthenaCharacter:CID_007_Athena_Commando_M_Default",
            "attributes": {
              "max_level_bonus": 0,
              "level": 1,
              "item_seen": true,
              "xp": 0,
              "variants": [],
              "favorite": false
            },
            "quantity": 1
          },
          "AthenaCharacter:CID_008_Athena_Commando_M_Default": {
            "templateId": "AthenaCharacter:CID_008_Athena_Commando_M_Default",
            "attributes": {
              "max_level_bonus": 0,
              "level": 1,
              "item_seen": true,
              "xp": 0,
              "variants": [],
              "favorite": false
            },
            "quantity": 1
          },
          "AthenaCharacter:CID_009_Athena_Commando_M": {
            "templateId": "AthenaCharacter:CID_009_Athena_Commando_M",
            "attributes": {
              "max_level_bonus": 0,
              "level": 1,
              "item_seen": true,
              "xp": 0,
              "variants": [],
              "favorite": false
            },
            "quantity": 1
          },
          "AthenaCharacter:CID_010_Athena_Commando_M": {
            "templateId": "AthenaCharacter:CID_010_Athena_Commando_M",
            "attributes": {
              "max_level_bonus": 0,
              "level": 1,
              "item_seen": true,
              "xp": 0,
              "variants": [],
              "favorite": false
            },
            "quantity": 1
          },
          "AthenaCharacter:CID_011_Athena_Commando_M": {
            "templateId": "AthenaCharacter:CID_011_Athena_Commando_M",
            "attributes": {
              "max_level_bonus": 0,
              "level": 1,
              "item_seen": true,
              "xp": 0,
              "variants": [],
              "favorite": false
            },
            "quantity": 1
          },
          "AthenaCharacter:CID_012_Athena_Commando_M": {
            "templateId": "AthenaCharacter:CID_012_Athena_Commando_M",
            "attributes": {
              "max_level_bonus": 0,
              "level": 1,
              "item_seen": true,
              "xp": 0,
              "variants": [],
              "favorite": false
            },
            "quantity": 1
          },
          "AthenaCharacter:CID_013_Athena_Commando_F": {
            "templateId": "AthenaCharacter:CID_013_Athena_Commando_F",
            "attributes": {
              "max_level_bonus": 0,
              "level": 1,
              "item_seen": true,
              "xp": 0,
              "variants": [],
              "favorite": false
            },
            "quantity": 1
          },
          "AthenaCharacter:CID_014_Athena_Commando_F": {
            "templateId": "AthenaCharacter:CID_014_Athena_Commando_F",
            "attributes": {
              "max_level_bonus": 0,
              "level": 1,
              "item_seen": true,
              "xp": 0,
              "variants": [],
              "favorite": false
            },
            "quantity": 1
          },
          "AthenaCharacter:CID_015_Athena_Commando_F": {
            "templateId": "AthenaCharacter:CID_015_Athena_Commando_F",
            "attributes": {
              "max_level_bonus": 0,
              "level": 1,
              "item_seen": true,
              "xp": 0,
              "variants": [],
              "favorite": false
            },
            "quantity": 1
          },
          "AthenaCharacter:CID_016_Athena_Commando_F": {
            "templateId": "AthenaCharacter:CID_016_Athena_Commando_F",
            "attributes": {
              "max_level_bonus": 0,
              "level": 1,
              "item_seen": true,
              "xp": 0,
              "variants": [],
              "favorite": false
            },
            "quantity": 1
          },
          "AthenaCharacter:CID_017_Athena_Commando_M": {
            "templateId": "AthenaCharacter:CID_017_Athena_Commando_M",
            "attributes": {
              "max_level_bonus": 0,
              "level": 1,
              "item_seen": true,
              "xp": 0,
              "variants": [],
              "favorite": false
            },
            "quantity": 1
          },
          "AthenaCharacter:CID_018_Athena_Commando_M": {
            "templateId": "AthenaCharacter:CID_018_Athena_Commando_M",
            "attributes": {
              "max_level_bonus": 0,
              "level": 1,
              "item_seen": true,
              "xp": 0,
              "variants": [],
              "favorite": false
            },
            "quantity": 1
          },
          "AthenaCharacter:CID_019_Athena_Commando_M": {
            "templateId": "AthenaCharacter:CID_019_Athena_Commando_M",
            "attributes": {
              "max_level_bonus": 0,
              "level": 1,
              "item_seen": true,
              "xp": 0,
              "variants": [],
              "favorite": false
            },
            "quantity": 1
          },
          "AthenaCharacter:CID_020_Athena_Commando_M": {
            "templateId": "AthenaCharacter:CID_020_Athena_Commando_M",
            "attributes": {
              "max_level_bonus": 0,
              "level": 1,
              "item_seen": true,
              "xp": 0,
              "variants": [],
              "favorite": false
            },
            "quantity": 1
          },
          "AthenaCharacter:CID_021_Athena_Commando_F": {
            "templateId": "AthenaCharacter:CID_021_Athena_Commando_F",
            "attributes": {
              "max_level_bonus": 0,
              "level": 1,
              "item_seen": true,
              "xp": 0,
              "variants": [],
              "favorite": false
            },
            "quantity": 1
          },
          "AthenaCharacter:CID_022_Athena_Commando_F": {
            "templateId": "AthenaCharacter:CID_022_Athena_Commando_F",
            "attributes": {
              "max_level_bonus": 0,
              "level": 1,
              "item_seen": true,
              "xp": 0,
              "variants": [
                {
                  "channel": "Parts",
                  "active": "Stage1",
                  "owned": [
                    "Stage1",
                    "Stage2"
                  ]
                }
              ],
              "favorite": false
            },
            "quantity": 1
          },
          "AthenaCharacter:CID_023_Athena_Commando_F": {
            "templateId": "AthenaCharacter:CID_023_Athena_Commando_F",
            "attributes": {
              "max_level_bonus": 0,
              "level": 1,
              "item_seen": true,
              "xp": 0,
              "variants": [],
              "favorite": false
            },
            "quantity": 1
          },
          "AthenaCharacter:CID_024_Athena_Commando_F": {
            "templateId": "AthenaCharacter:CID_024_Athena_Commando_F",
            "attributes": {
              "max_level_bonus": 0,
              "level": 1,
              "item_seen": true,
              "xp": 0,
              "variants": [],
              "favorite": false
            },
            "quantity": 1
          },
          "AthenaCharacter:CID_025_Athena_Commando_M": {
            "templateId": "AthenaCharacter:CID_025_Athena_Commando_M",
            "attributes": {
              "max_level_bonus": 0,
              "level": 1,
              "item_seen": true,
              "xp": 0,
              "variants": [],
              "favorite": false
            },
            "quantity": 1
          },
          "AthenaCharacter:CID_026_Athena_Commando_M": {
            "templateId": "AthenaCharacter:CID_026_Athena_Commando_M",
            "attributes": {
              "max_level_bonus": 0,
              "level": 1,
              "item_seen": true,
              "xp": 0,
              "variants": [],
              "favorite": false
            },
            "quantity": 1
          },
          "AthenaCharacter:CID_027_Athena_Commando_F": {
            "templateId": "AthenaCharacter:CID_027_Athena_Commando_F",
            "attributes": {
              "max_level_bonus": 0,
              "level": 1,
              "item_seen": true,
              "xp": 0,
              "variants": [],
              "favorite": false
            },
            "quantity": 1
          },
          "AthenaCharacter:CID_028_Athena_Commando_F": {
            "templateId": "AthenaCharacter:CID_028_Athena_Commando_F",
            "attributes": {
              "max_level_bonus": 0,
              "level": 1,
              "item_seen": true,
              "xp": 0,
              "variants": [
                {
                  "channel": "Material",
                  "active": "Mat1",
                  "owned": [
                    "Mat1",
                    "Mat2"
                  ]
                }
              ],
              "favorite": false
            },
            "quantity": 1
          },
          "AthenaCharacter:CID_029_Athena_Commando_F_Halloween": {
            "templateId": "AthenaCharacter:CID_029_Athena_Commando_F_Halloween",
            "attributes": {
              "max_level_bonus": 0,
              "level": 1,
              "item_seen": true,
              "xp": 0,
              "variants": [
                {
                  "channel": "Material",
                  "active": "Mat1",
                  "owned": [
                    "Mat1",
                    "Mat2",
                    "Mat3"
                  ]
                }
              ],
              "favorite": false
            },
            "quantity": 1
          },
          "AthenaCharacter:CID_030_Athena_Commando_M_Halloween": {
            "templateId": "AthenaCharacter:CID_030_Athena_Commando_M_Halloween",
            "attributes": {
              "max_level_bonus": 0,
              "level": 1,
              "item_seen": true,
              "xp": 0,
              "variants": [
                {
                  "channel": "ClothingColor",
                  "active": "Mat0",
                  "owned": [
                    "Mat0",
                    "Mat1",
                    "Mat2",
                    "Mat3",
                    "Mat4"
                  ]
                },
                {
                  "channel": "Parts",
                  "active": "Stage1",
                  "owned": [
                    "Stage1",
                    "Stage2"
                  ]
                }
              ],
              "favorite": false
            },
            "quantity": 1
          },
          "AthenaCharacter:CID_031_Athena_Commando_M_Retro": {
            "templateId": "AthenaCharacter:CID_031_Athena_Commando_M_Retro",
            "attributes": {
              "max_level_bonus": 0,
              "level": 1,
              "item_seen": true,
              "xp": 0,
              "variants": [
                {
                  "channel": "Material",
                  "active": "Mat1",
                  "owned": [
                    "Mat1",
                    "Mat2"
                  ]
                }
              ],
              "favorite": false
            },
            "quantity": 1
          },
          "AthenaCharacter:CID_032_Athena_Commando_M_Medieval": {
            "templateId": "AthenaCharacter:CID_032_Athena_Commando_M_Medieval",
            "attributes": {
              "max_level_bonus": 0,
              "level": 1,
              "item_seen": true,
              "xp": 0,
              "variants": [],
              "favorite": false
            },
            "quantity": 1
          },
          "AthenaCharacter:CID_033_Athena_Commando_F_Medieval": {
            "templateId": "AthenaCharacter:CID_033_Athena_Commando_F_Medieval",
            "attributes": {
              "max_level_bonus": 0,
              "level": 1,
              "item_seen": true,
              "xp": 0,
              "variants": [],
              "favorite": false
            },
            "quantity": 1
          },
          "AthenaCharacter:CID_034_Athena_Commando_F_Medieval": {
            "templateId": "AthenaCharacter:CID_034_Athena_Commando_F_Medieval",
            "attributes": {
              "max_level_bonus": 0,
              "level": 1,
              "item_seen": true,
              "xp": 0,
              "variants": [],
              "favorite": false
            },
            "quantity": 1
          },
          "AthenaCharacter:CID_035_Athena_Commando_M_Medieval": {
            "templateId": "AthenaCharacter:CID_035_Athena_Commando_M_Medieval",
            "attributes": {
              "max_level_bonus": 0,
              "level": 1,
              "item_seen": true,
              "xp": 0,
              "variants": [],
              "favorite": false
            },
            "quantity": 1
          },
          "AthenaCharacter:CID_036_Athena_Commando_M_WinterCamo": {
            "templateId": "AthenaCharacter:CID_036_Athena_Commando_M_WinterCamo",
            "attributes": {
              "max_level_bonus": 0,
              "level": 1,
              "item_seen": true,
              "xp": 0,
              "variants": [],
              "favorite": false
            },
            "quantity": 1
          },
          "AthenaCharacter:CID_037_Athena_Commando_F_WinterCamo": {
            "templateId": "AthenaCharacter:CID_037_Athena_Commando_F_WinterCamo",
            "attributes": {
              "max_level_bonus": 0,
              "level": 1,
              "item_seen": true,
              "xp": 0,
              "variants": [],
              "favorite": false
            },
            "quantity": 1
          },
          "AthenaCharacter:CID_038_Athena_Commando_M_Disco": {
            "templateId": "AthenaCharacter:CID_038_Athena_Commando_M_Disco",
            "attributes": {
              "max_level_bonus": 0,
              "level": 1,
              "item_seen": true,
              "xp": 0,
              "variants": [
                {
                  "channel": "Parts",
                  "active": "Stage1",
                  "owned": [
                    "Stage1",
                    "Stage2"
                  ]
                }
              ],
              "favorite": false
            },
            "quantity": 1
          },
          "AthenaCharacter:CID_039_Athena_Commando_F_Disco": {
            "templateId": "AthenaCharacter:CID_039_Athena_Commando_F_Disco",
            "attributes": {
              "max_level_bonus": 0,
              "level": 1,
              "item_seen": true,
              "xp": 0,
              "variants": [],
              "favorite": false
            },
            "quantity": 1
          },
          "AthenaCharacter:CID_040_Athena_Commando_M_District": {
            "templateId": "AthenaCharacter:CID_040_Athena_Commando_M_District",
            "attributes": {
              "max_level_bonus": 0,
              "level": 1,
              "item_seen": true,
              "xp": 0,
              "variants": [],
              "favorite": false
            },
            "quantity": 1
          },
          "AthenaCharacter:CID_041_Athena_Commando_F_District": {
            "templateId": "AthenaCharacter:CID_041_Athena_Commando_F_District",
            "attributes": {
              "max_level_bonus": 0,
              "level": 1,
              "item_seen": true,
              "xp": 0,
              "variants": [],
              "favorite": false
            },
            "quantity": 1
          },
          "AthenaCharacter:CID_042_Athena_Commando_M_Cyberpunk": {
            "templateId": "AthenaCharacter:CID_042_Athena_Commando_M_Cyberpunk",
            "attributes": {
              "max_level_bonus": 0,
              "level": 1,
              "item_seen": true,
              "xp": 0,
              "variants": [],
              "favorite": false
            },
            "quantity": 1
          },
          "AthenaCharacter:CID_043_Athena_Commando_F_Stealth": {
            "templateId": "AthenaCharacter:CID_043_Athena_Commando_F_Stealth",
            "attributes": {
              "max_level_bonus": 0,
              "level": 1,
              "item_seen": true,
              "xp": 0,
              "variants": [
                {
                  "channel": "Material",
                  "active": "Mat1",
                  "owned": [
                    "Mat1",
                    "Mat2"
                  ]
                }
              ],
              "favorite": false
            },
            "quantity": 1
          },
          "AthenaCharacter:CID_044_Athena_Commando_F_SciPop": {
            "templateId": "AthenaCharacter:CID_044_Athena_Commando_F_SciPop",
            "attributes": {
              "max_level_bonus": 0,
              "level": 1,
              "item_seen": true,
              "xp": 0,
              "variants": [],
              "favorite": false
            },
            "quantity": 1
          },
          "AthenaCharacter:CID_045_Athena_Commando_M_HolidaySweater": {
            "templateId": "AthenaCharacter:CID_045_Athena_Commando_M_HolidaySweater",
            "attributes": {
              "max_level_bonus": 0,
              "level": 1,
              "item_seen": true,
              "xp": 0,
              "variants": [],
              "favorite": false
            },
            "quantity": 1
          },
          "AthenaCharacter:CID_046_Athena_Commando_F_HolidaySweater": {
            "templateId": "AthenaCharacter:CID_046_Athena_Commando_F_HolidaySweater",
            "attributes": {
              "max_level_bonus": 0,
              "level": 1,
              "item_seen": true,
              "xp": 0,
              "variants": [],
              "favorite": false
            },
            "quantity": 1
          },
          "AthenaCharacter:CID_047_Athena_Commando_F_HolidayReindeer": {
            "templateId": "AthenaCharacter:CID_047_Athena_Commando_F_HolidayReindeer",
            "attributes": {
              "max_level_bonus": 0,
              "level": 1,
              "item_seen": true,
              "xp": 0,
              "variants": [],
              "favorite": false
            },
            "quantity": 1
          },
          "AthenaCharacter:CID_048_Athena_Commando_F_HolidayGingerbread": {
            "templateId": "AthenaCharacter:CID_048_Athena_Commando_F_HolidayGingerbread",
            "attributes": {
              "max_level_bonus": 0,
              "level": 1,
              "item_seen": true,
              "xp": 0,
              "variants": [
                {
                  "channel": "Particle",
                  "active": "Mat0",
                  "owned": [
                    "Mat0",
                    "Mat1",
                    "Mat2",
                    "Mat3"
                  ]
                }
              ],
              "favorite": false
            },
            "quantity": 1
          },
          "AthenaCharacter:CID_049_Athena_Commando_M_HolidayGingerbread": {
            "templateId": "AthenaCharacter:CID_049_Athena_Commando_M_HolidayGingerbread",
            "attributes": {
              "max_level_bonus": 0,
              "level": 1,
              "item_seen": true,
              "xp": 0,
              "variants": [
                {
                  "channel": "Particle",
                  "active": "Mat0",
                  "owned": [
                    "Mat0",
                    "Mat1",
                    "Mat2",
                    "Mat3"
                  ]
                }
              ],
              "favorite": false
            },
            "quantity": 1
          },
          "AthenaCharacter:CID_050_Athena_Commando_M_HolidayNutcracker": {
            "templateId": "AthenaCharacter:CID_050_Athena_Commando_M_HolidayNutcracker",
            "attributes": {
              "max_level_bonus": 0,
              "level": 1,
              "item_seen": true,
              "xp": 0,
              "variants": [
                {
                  "channel": "Material",
                  "active": "Mat1",
                  "owned": [
                    "Mat1",
                    "Mat2",
                    "Mat3",
                    "Mat4",
                    "Mat5"
                  ]
                }
              ],
              "favorite": false
            },
            "quantity": 1
          },
          "AthenaCharacter:CID_051_Athena_Commando_M_HolidayElf": {
            "templateId": "AthenaCharacter:CID_051_Athena_Commando_M_HolidayElf",
            "attributes": {
              "max_level_bonus": 0,
              "level": 1,
              "item_seen": true,
              "xp": 0,
              "variants": [
                {
                  "channel": "Material",
                  "active": "Mat1",
                  "owned": [
                    "Mat1",
                    "Mat2",
                    "Mat3"
                  ]
                }
              ],
              "favorite": false
            },
            "quantity": 1
          },
          "AthenaDance:EID_Worm": {
            "templateId": "AthenaDance:EID_Worm",
            "attributes": {
              "max_level_bonus": 0,
              "level": 1,
              "item_seen": true,
              "xp": 0,
              "variants": [],
              "favorite": false
            },
            "quantity": 1
          },
          "AthenaDance:EID_Wave": {
            "templateId": "AthenaDance:EID_Wave",
            "attributes": {
              "max_level_bonus": 0,
              "level": 1,
              "item_seen": true,
              "xp": 0,
              "variants": [],
              "favorite": false
            },
            "quantity": 1
          },
          "AthenaDance:EID_SlowClap": {
            "templateId": "AthenaDance:EID_SlowClap",
            "attributes": {
              "max_level_bonus": 0,
              "level": 1,
              "item_seen": true,
              "xp": 0,
              "variants": [],
              "favorite": false
            },
            "quantity": 1
          },
          "AthenaDance:EID_RideThePony_Athena": {
            "templateId": "AthenaDance:EID_RideThePony_Athena",
            "attributes": {
              "max_level_bonus": 0,
              "level": 1,
              "item_seen": true,
              "xp": 0,
              "variants": [],
              "favorite": false
            },
            "quantity": 1
          },
          "AthenaDance:EID_Fresh": {
            "templateId": "AthenaDance:EID_Fresh",
            "attributes": {
              "max_level_bonus": 0,
              "level": 1,
              "item_seen": true,
              "xp": 0,
              "variants": [],
              "favorite": false
            },
            "quantity": 1
          },
          "AthenaDance:EID_Floss": {
            "templateId": "AthenaDance:EID_Floss",
            "attributes": {
              "max_level_bonus": 0,
              "level": 1,
              "item_seen": true,
              "xp": 0,
              "variants": [],
              "favorite": false
            },
            "quantity": 1
          },
          "AthenaDance:EID_Flex": {
            "templateId": "AthenaDance:EID_Flex",
            "attributes": {
              "max_level_bonus": 0,
              "level": 1,
              "item_seen": true,
              "xp": 0,
              "variants": [],
              "favorite": false
            },
            "quantity": 1
          },
          "AthenaDance:EID_FingerGuns": {
            "templateId": "AthenaDance:EID_FingerGuns",
            "attributes": {
              "max_level_bonus": 0,
              "level": 1,
              "item_seen": true,
              "xp": 0,
              "variants": [],
              "favorite": false
            },
            "quantity": 1
          },
          "AthenaDance:EID_ElectroShuffle": {
            "templateId": "AthenaDance:EID_ElectroShuffle",
            "attributes": {
              "max_level_bonus": 0,
              "level": 1,
              "item_seen": true,
              "xp": 0,
              "variants": [],
              "favorite": false
            },
            "quantity": 1
          },
          "AthenaDance:EID_Dab": {
            "templateId": "AthenaDance:EID_Dab",
            "attributes": {
              "max_level_bonus": 0,
              "level": 1,
              "item_seen": true,
              "xp": 0,
              "variants": [],
              "favorite": false
            },
            "quantity": 1
          },
          "AthenaDance:EID_DanceMoves": {
            "templateId": "AthenaDance:EID_DanceMoves",
            "attributes": {
              "max_level_bonus": 0,
              "level": 1,
              "item_seen": true,
              "xp": 0,
              "variants": [],
              "favorite": false
            },
            "quantity": 1
          },
          "AthenaGlider:DefaultGlider": {
            "templateId": "AthenaGlider:DefaultGlider",
            "attributes": {
              "max_level_bonus": 0,
              "level": 1,
              "item_seen": true,
              "xp": 0,
              "variants": [],
              "favorite": false
            },
            "quantity": 1
          },
          "AthenaPickaxe:DefaultPickaxe": {
            "templateId": "AthenaPickaxe:DefaultPickaxe",
            "attributes": {
              "max_level_bonus": 0,
              "level": 1,
              "item_seen": true,
              "xp": 0,
              "variants": [],
              "favorite": false
            },
            "quantity": 1
          },
          "34ce4c8c-26b8-42ba-8dc4-454298c5e540": {
            "templateId": "Quest:AthenaDaily_Solo_Top25",
            "attributes": {
              "creation_time": "2024-01-27T11:46:48.657Z",
              "level": -1,
              "item_seen": false,
              "playlists": [],
              "sent_new_notification": true,
              "challenge_bundle_id": "",
              "xp_reward_scalar": 1,
              "challenge_linked_quest_given": "",
              "quest_pool": "",
              "quest_state": "Active",
              "bucket": "",
              "last_state_change_time": "2024-01-27T11:46:48.657Z",
              "challenge_linked_quest_parent": "",
              "max_level_bonus": 0,
              "xp": 0,
              "quest_rarity": "uncommon",
              "favorite": false,
              "completion_daily_athena_solo_top25_v2": 0
            },
            "quantity": 1
          },
          "a73bf252-f469-4f5a-b6d1-7e7726967a25": {
            "templateId": "Quest:AthenaDaily_PlayMatches",
            "attributes": {
              "creation_time": "2024-02-02T16:02:06.425Z",
              "level": -1,
              "item_seen": false,
              "playlists": [],
              "sent_new_notification": true,
              "challenge_bundle_id": "",
              "xp_reward_scalar": 1,
              "challenge_linked_quest_given": "",
              "quest_pool": "",
              "quest_state": "Active",
              "bucket": "",
              "last_state_change_time": "2024-02-02T16:02:06.425Z",
              "challenge_linked_quest_parent": "",
              "max_level_bonus": 0,
              "xp": 0,
              "quest_rarity": "uncommon",
              "favorite": false,
              "completion_daily_athena_play_matches_v3": 0
            },
            "quantity": 1
          },
          "9e2c537a-5098-42ff-8969-2f96f470bbf3": {
            "templateId": "Quest:AthenaDailyQuest_PlayerEliminationAssaultRifles",
            "attributes": {
              "creation_time": "2024-02-09T20:57:21.308Z",
              "level": -1,
              "item_seen": false,
              "playlists": [],
              "sent_new_notification": true,
              "challenge_bundle_id": "",
              "xp_reward_scalar": 1,
              "challenge_linked_quest_given": "",
              "quest_pool": "",
              "quest_state": "Active",
              "bucket": "",
              "last_state_change_time": "2024-02-09T20:57:21.308Z",
              "challenge_linked_quest_parent": "",
              "max_level_bonus": 0,
              "xp": 0,
              "quest_rarity": "uncommon",
              "favorite": false,
              "completion_athena_daily_kill_players_assault_rifles": 0
            },
            "quantity": 1
          }
        },
        "stats": {
          "attributes": {
            "past_seasons": [],
            "season_match_boost": 0,
            "loadouts": [ "lawin-loadout" ],
            "favorite_victorypose": "",
            "mfa_reward_claimed": true,
            "quest_manager": {
              "dailyLoginInterval": "2024-04-12T19:03:44.377Z",
              "dailyQuestRerolls": 1
            },
            "book_level": 1,
            "season_num": 2,
            "favorite_consumableemote": "",
            "banner_color": "DefaultColor1",
            "favorite_callingcard": "",
            "favorite_character": "",
            "favorite_spray": [],
            "book_xp": 0,
            "battlestars": 69420,
            "battlestars_season_total": 69420,
            "style_points": 69420,
            "alien_style_points": 69420,
            "party_assist_quest": "",
            "pinned_quest": "",
            "purchased_bp_offers": [],
            "favorite_loadingscreen": "",
            "book_purchased": false,
            "lifetime_wins": 100,
            "favorite_hat": "",
            "level": 70,
            "favorite_battlebus": "",
            "favorite_mapmarker": "",
            "favorite_vehicledeco": "",
            "accountLevel": 69420,
            "favorite_backpack": "",
            "favorite_dance": [ "", "", "", "", "", "" ],
            "inventory_limit_bonus": 0,
            "last_applied_loadout": "",
            "favorite_skydivecontrail": "",
            "favorite_pickaxe": "AthenaPickaxe:DefaultPickaxe",
            "favorite_glider": "AthenaGlider:DefaultGlider",
            "daily_rewards": {},
            "xp": 69420,
            "season_friend_match_boost": 0,
            "active_loadout_index": 0,
            "favorite_musicpack": "",
            "banner_icon": "StandardBanner1",
            "favorite_itemwraps": [ "", "", "", "", "", "", "" ]
          }
        },
        "commandRevision": 3
      }
    }
  ],
  "profileCommandRevision": 3,
  "serverTime": "2024-04-15T16:35:32.521Z",
  "responseVersion": 1
}