﻿[
  {
    "uniqueFilename": "DefaultEngine.ini",
    "filename": "DefaultEngine.ini",
    "hash": "fa6275d20cc840718a87c37f4b40ac14a415bda2",
    "hash256": "2bf37d146a01ed804a9cf10680d8e95b460e0134ba92d6b9b1ba47a45f165529",
    "length": 807,
    "contentType": "application/octet-stream",
    "uploaded": "2024-03-31T00:21:37.000Z",
    "storageType": "S3",
    "storageIds": {},
    "doNotCache": true
  },
  {
    "uniqueFilename": "DefaultGame.ini",
    "filename": "DefaultGame.ini",
    "hash": "69290facb997bff2955318e68cbf98bfd247f11d",
    "hash256": "56776d0e087feb8a66ec3399c0054093c97579d27bc6c59cb311a0c58e12e733",
    "length": 3656,
    "contentType": "application/octet-stream",
    "uploaded": "2024-03-31T00:21:37.000Z",
    "storageType": "S3",
    "storageIds": {},
    "doNotCache": true
  },
  {
    "uniqueFilename": "DefaultInput.ini",
    "filename": "DefaultInput.ini",
    "hash": "f4e2ad51e329f9cb4360bc4a21895d40be19b8cb",
    "hash256": "fe79e7f0881f826b0ffdb7da24fa7dc7c4f1431dc56c40a51c16cdd4095acd1d",
    "length": 140,
    "contentType": "application/octet-stream",
    "uploaded": "2024-03-31T00:21:37.000Z",
    "storageType": "S3",
    "storageIds": {},
    "doNotCache": true
  },
  {
    "uniqueFilename": "DefaultRuntimeOptions.ini",
    "filename": "DefaultRuntimeOptions.ini",
    "hash": "f855b35a9b7b08547311af377065452ac25c6f15",
    "hash256": "0a0e6a82d8b9375872b9756171cd6b57d157e9cf64e820f5864047f3cdb7259d",
    "length": 730,
    "contentType": "application/octet-stream",
    "uploaded": "2024-03-31T00:21:37.000Z",
    "storageType": "S3",
    "storageIds": {},
    "doNotCache": true
  }
]